{"cameraMode":{"drawMode":0,"name":"Shaded","section":"Shading Mode"},"sceneLighting":true,"audioPlay":false,"sceneViewState":{"showFog":true,"showMaterialUpdate":false,"showSkybox":true,"showFlares":true,"showImageEffects":true,"showParticleSystems":true,"showVisualEffectGraphs":true,"m_FxEnabled":true},"in2DMode":false,"pivot":{"x":2.011160373687744,"y":2.2045464515686037,"z":3.641341209411621},"rotation":{"x":-0.13931778073310853,"y":-0.022861527279019357,"z":0.0032097729854285719,"w":-0.9899875521659851},"size":7.185266494750977,"orthographic":false}