{"cameraMode":{"drawMode":0,"name":"Shaded","section":"Shading Mode"},"sceneLighting":true,"audioPlay":false,"sceneViewState":{"showFog":true,"showMaterialUpdate":false,"showSkybox":true,"showFlares":true,"showImageEffects":true,"showParticleSystems":true,"showVisualEffectGraphs":true,"m_FxEnabled":true},"in2DMode":false,"pivot":{"x":0.402690052986145,"y":-0.4946126937866211,"z":-2.6336822509765627},"rotation":{"x":-0.0061164493672549728,"y":0.9937402009963989,"z":-0.08698424696922302,"w":-0.06987429410219193},"size":4.046552658081055,"orthographic":false}