{"cameraMode":{"drawMode":0,"name":"Shaded","section":"Shading Mode"},"sceneLighting":true,"audioPlay":false,"sceneViewState":{"showFog":true,"showMaterialUpdate":false,"showSkybox":true,"showFlares":true,"showImageEffects":true,"showParticleSystems":true,"showVisualEffectGraphs":true,"m_FxEnabled":true},"in2DMode":false,"pivot":{"x":0.41193509101867678,"y":-0.8280177116394043,"z":-2.568265914916992},"rotation":{"x":-0.007582337595522404,"y":0.9916945099830627,"z":-0.10783208906650543,"w":-0.06973046064376831},"size":4.046552658081055,"orthographic":false}